Id;fecha_mes_año;año;mes;enso_año;enso_mes;anomalia_oni;temp_sst;temp_media;soi;iod
1;ene-70;1970;1;Niña;Neutral;0.48;26.36;26.64;-1.26;0.297
2;feb-70;1970;2;Niña;Neutral;0.41;26.56;26.64;-1.22;0.326
3;mar-70;1970;3;Niña;Neutral;0.13;27.02;26.64;0.06;0.068
4;abr-70;1970;4;Niña;Neutral;0.34;27.4;26.64;-0.56;0.219
5;may-70;1970;5;Niña;Neutral;0.1;27.53;26.65;0.04;0.182
6;jun-70;1970;6;Niña;Neutral;-0.31;27.35;26.65;1.02;-0.385
7;jul-70;1970;7;Niña;Niña;-0.7;26.9;26.65;-0.52;-0.57
8;ago-70;1970;8;Niña;Niña;-0.87;26.46;26.65;0.31;-0.351
9;sep-70;1970;9;Niña;Niña;-0.7;26.34;26.65;1.18;-0.6
10;oct-70;1970;10;Niña;Niña;-0.73;26.33;26.65;0.74;-0.638
11;nov-70;1970;11;Niña;Niña;-0.78;26.35;26.65;1.85;-0.307
12;dic-70;1970;12;Niña;Niña;-1.06;26.33;26.64;1.83;-0.235
13;ene-71;1971;1;Niña;Niña;-1.6;26.42;26.64;0.23;0.198
14;feb-71;1971;2;Niña;Niña;-1.42;26.61;26.64;1.44;0.013
15;mar-71;1971;3;Niña;Niña;-1.13;27.06;26.64;1.98;0.208
16;abr-71;1971;4;Niña;Niña;-0.8;27.44;26.65;2.58;0.24
17;may-71;1971;5;Niña;Niña;-0.61;27.56;26.65;0.88;-0.074
18;jun-71;1971;6;Niña;Niña;-0.78;27.38;26.65;0.21;-0.236
19;jul-71;1971;7;Niña;Niña;-0.82;26.94;26.66;0.17;-0.354
20;ago-71;1971;8;Niña;Niña;-0.79;26.54;26.65;1.42;-0.547
21;sep-71;1971;9;Niña;Niña;-0.71;26.42;26.65;1.51;-0.746
22;oct-71;1971;10;Niña;Niña;-0.96;26.43;26.65;1.75;-0.629
23;nov-71;1971;11;Niña;Niña;-0.88;26.43;26.65;0.55;0.017
24;dic-71;1971;12;Niña;Niña;-1.03;26.4;26.65;0.15;0.215
25;ene-72;1972;1;Niña - Niño;Niña;-0.78;26.42;26.65;0.33;0.143
26;feb-72;1972;2;Niña - Niño;Neutral;-0.3;26.61;26.65;0.67;-0.216
27;mar-72;1972;3;Niña - Niño;Neutral;0.03;27.06;26.65;0.13;0.031
28;abr-72;1972;4;Niña - Niño;Neutral;0.45;27.44;26.65;-0.46;0.131
29;may-72;1972;5;Niña - Niño;Niño;0.75;27.56;26.66;-1.52;0.157
30;jun-72;1972;6;Niña - Niño;Niño;0.8;27.38;26.66;-1.68;0.739
31;jul-72;1972;7;Niña - Niño;Niño;1.2;26.94;26.66;-1.84;0.708
32;ago-72;1972;8;Niña - Niño;Niño;1.4;26.54;26.66;-1.12;0.511
33;sep-72;1972;9;Niña - Niño;Niño;1.52;26.42;26.66;-1.48;0.363
34;oct-72;1972;10;Niña - Niño;Niño;1.83;26.43;26.66;-1.13;0.327
35;nov-72;1972;11;Niña - Niño;Niño;2.17;26.43;26.66;-0.38;0.671
36;dic-72;1972;12;Niña - Niño;Niño;2.28;26.4;26.66;-1.47;0.477
37;ene-73;1973;1;Niño - Niña;Niño;1.92;26.42;26.66;-0.43;0.043
38;feb-73;1973;2;Niño - Niña;Niño;1.34;26.61;26.66;-1.47;-0.077
39;mar-73;1973;3;Niño - Niña;Neutral;0.49;27.06;26.66;-0.06;-0.001
40;abr-73;1973;4;Niño - Niña;Neutral;-0.19;27.44;26.66;-0.37;-0.117
41;may-73;1973;5;Niño - Niña;Niña;-0.59;27.56;26.66;0.25;0.085
42;jun-73;1973;6;Niño - Niña;Niña;-0.83;27.38;26.67;1.22;-0.225
43;jul-73;1973;7;Niño - Niña;Niña;-1.18;26.94;26.67;0.63;-0.495
44;ago-73;1973;8;Niño - Niña;Niña;-1.31;26.54;26.67;1.18;-0.607
45;sep-73;1973;9;Niño - Niña;Niña;-1.36;26.42;26.67;1.27;-0.773
46;oct-73;1973;10;Niño - Niña;Niña;-1.69;26.43;26.67;0.85;-0.449
47;nov-73;1973;11;Niño - Niña;Niña;-2.09;26.43;26.66;2.85;-0.157
48;dic-73;1973;12;Niño - Niña;Niña;-2.06;26.4;26.66;1.76;0.047
49;ene-74;1974;1;Niña;Niña;-1.95;26.42;26.66;2.16;0.279
50;feb-74;1974;2;Niña;Niña;-1.5;26.61;26.66;1.49;0.156
51;mar-74;1974;3;Niña;Niña;-1.21;27.06;26.66;2.1;0.249
52;abr-74;1974;4;Niña;Niña;-0.97;27.44;26.67;1.27;-0.053
53;may-74;1974;5;Niña;Niña;-0.91;27.56;26.67;1.24;-0.239
54;jun-74;1974;6;Niña;Niña;-0.85;27.38;26.67;0.14;-0.027
55;jul-74;1974;7;Niña;Niña;-0.55;26.94;26.67;1.23;-0.249
56;ago-74;1974;8;Niña;Neutral;-0.21;26.54;26.67;0.56;-0.497
57;sep-74;1974;9;Niña;Neutral;-0.35;26.42;26.67;1.16;-0.661
58;oct-74;1974;10;Niña;Niña;-0.66;26.43;26.67;0.72;-0.845
59;nov-74;1974;11;Niña;Niña;-0.82;26.43;26.67;-0.42;-0.551
60;dic-74;1974;12;Niña;Niña;-0.78;26.4;26.67;-0.14;-0.36
61;ene-75;1975;1;Niña;Neutral;-0.32;26.42;26.67;-0.62;-0.367
62;feb-75;1975;2;Niña;Niña;-0.53;26.61;26.67;0.46;-0.249
63;mar-75;1975;3;Niña;Niña;-0.86;27.06;26.67;1.14;-0.464
64;abr-75;1975;4;Niña;Niña;-0.58;27.44;26.67;1.48;0.087
65;may-75;1975;5;Niña;Niña;-0.76;27.56;26.68;0.51;0.066
66;jun-75;1975;6;Niña;Niña;-1.15;27.38;26.68;1.69;0.055
67;jul-75;1975;7;Niña;Niña;-1.04;26.94;26.68;2.13;-0.039
68;ago-75;1975;8;Niña;Niña;-1.2;26.54;26.68;2.03;-0.344
69;sep-75;1975;9;Niña;Niña;-1.37;26.42;26.68;2.15;-0.857
70;oct-75;1975;10;Niña;Niña;-1.54;26.43;26.68;1.67;-1.056
71;nov-75;1975;11;Niña;Niña;-1.38;26.43;26.68;1.25;-0.328
72;dic-75;1975;12;Niña;Niña;-1.73;26.4;26.67;2.05;-0.17
73;ene-76;1976;1;Niña - Niño;Niña;-1.84;26.39;26.67;1.19;0.005
74;feb-76;1976;2;Niña - Niño;Niña;-1.09;26.59;26.67;1.18;0.077
75;mar-76;1976;3;Niña - Niño;Niña;-0.58;27.04;26.67;1.33;0.02
76;abr-76;1976;4;Niña - Niño;Niña;-0.53;27.42;26.68;0.24;0.122
77;may-76;1976;5;Niña - Niño;Neutral;-0.31;27.51;26.68;0.5;-0.004
78;jun-76;1976;6;Niña - Niño;Neutral;0;27.35;26.68;-0.16;0.369
79;jul-76;1976;7;Niña - Niño;Neutral;0.17;26.95;26.68;-1.24;0.594
80;ago-76;1976;8;Niña - Niño;Neutral;0.38;26.59;26.68;-1.46;0.107
81;sep-76;1976;9;Niña - Niño;Neutral;0.5;26.51;26.68;-1.29;-0.208
82;oct-76;1976;10;Niña - Niño;Niño;0.98;26.48;26.68;0.13;-0.231
83;nov-76;1976;11;Niña - Niño;Niño;0.95;26.46;26.68;0.76;-0.181
84;dic-76;1976;12;Niña - Niño;Niño;0.66;26.43;26.68;-0.48;0.028
85;ene-77;1977;1;Niño;Niño;0.93;26.39;26.68;-0.39;-0.003
86;feb-77;1977;2;Niño;Niño;0.55;26.59;26.68;0.65;-0.261
87;mar-77;1977;3;Niño;Neutral;0.44;27.04;26.68;-1.2;0.174
88;abr-77;1977;4;Niño;Neutral;0.03;27.42;26.68;-1.17;-0.029
89;may-77;1977;5;Niño;Neutral;0.22;27.51;26.68;-1.18;-0.341
90;jun-77;1977;6;Niño;Neutral;0.39;27.35;26.69;-2.33;-0.095
91;jul-77;1977;7;Niño;Neutral;0.42;26.95;26.69;-1.45;-0.171
92;ago-77;1977;8;Niño;Neutral;0.25;26.59;26.69;-1.42;-0.26
93;sep-77;1977;9;Niño;Niño;0.6;26.51;26.69;-0.95;-0.259
94;oct-77;1977;10;Niño;Niño;0.86;26.48;26.69;-1.39;0.245
95;nov-77;1977;11;Niño;Niño;0.72;26.46;26.68;-1.56;-0.127
96;dic-77;1977;12;Niño;Niño;0.86;26.43;26.68;-1.23;-0.02
97;ene-78;1978;1;Niño - Niña;Niño;0.78;26.39;26.68;-0.48;-0.64
98;feb-78;1978;2;Niño - Niña;Neutral;0.42;26.59;26.68;-2.63;-0.53
99;mar-78;1978;3;Niño - Niña;Neutral;0.06;27.04;26.68;-0.82;-0.582
100;abr-78;1978;4;Niño - Niña;Neutral;-0.3;27.42;26.69;-0.88;-0.214
101;may-78;1978;5;Niño - Niña;Neutral;-0.31;27.51;26.69;1.5;-0.533
102;jun-78;1978;6;Niño - Niña;Neutral;-0.33;27.35;26.69;0.4;-0.174
103;jul-78;1978;7;Niño - Niña;Neutral;-0.22;26.95;26.69;0.53;-0.107
104;ago-78;1978;8;Niño - Niña;Niña;-0.53;26.59;26.69;0.12;-0.224
105;sep-78;1978;9;Niño - Niña;Neutral;-0.5;26.51;26.69;0.06;-0.261
106;oct-78;1978;10;Niño - Niña;Neutral;-0.23;26.48;26.69;-0.76;-0.502
107;nov-78;1978;11;Niño - Niña;Neutral;-0.14;26.46;26.69;-0.28;-0.458
108;dic-78;1978;12;Niño - Niña;Neutral;0.11;26.43;26.69;-0.21;-0.26
109;ene-79;1979;1;Niño;Neutral;0.03;26.39;26.69;-0.45;0.317
110;feb-79;1979;2;Niño;Neutral;-0.04;26.59;26.69;0.61;-0.158
111;mar-79;1979;3;Niño;Neutral;0.23;27.04;26.69;-0.49;-0.034
112;abr-79;1979;4;Niño;Neutral;0.42;27.42;26.69;-0.65;-0.207
113;may-79;1979;5;Niño;Neutral;0.19;27.51;26.69;0.46;-0.444
114;jun-79;1979;6;Niño;Neutral;0.08;27.35;26.69;0.58;0.108
115;jul-79;1979;7;Niño;Neutral;-0.13;26.95;26.7;-0.76;-0.315
116;ago-79;1979;8;Niño;Neutral;0.16;26.59;26.7;-0.69;-0.226
117;sep-79;1979;9;Niño;Neutral;0.48;26.51;26.69;0.11;-0.28
118;oct-79;1979;10;Niño;Neutral;0.35;26.48;26.69;-0.37;-0.314
119;nov-79;1979;11;Niño;Niño;0.53;26.46;26.69;-0.61;-0.251
120;dic-79;1979;12;Niño;Niño;0.69;26.43;26.69;-0.9;-0.101
121;ene-80;1980;1;Niño;Niño;0.7;26.39;26.69;0.28;-0.158
122;feb-80;1980;2;Niño;Neutral;0.39;26.59;26.69;-0.02;-0.2
123;mar-80;1980;3;Niño;Neutral;0.28;27.04;26.69;-1.06;-0.417
124;abr-80;1980;4;Niño;Neutral;0.34;27.42;26.69;-1.6;-0.095
125;may-80;1980;5;Niño;Niño;0.51;27.51;26.7;-0.35;-0.066
126;jun-80;1980;6;Niño;Niño;0.59;27.35;26.7;-0.68;-0.382
127;jul-80;1980;7;Niño;Neutral;0.28;26.95;26.7;-0.14;-0.661
128;ago-80;1980;8;Niño;Neutral;-0.11;26.59;26.7;-0.06;-0.822
129;sep-80;1980;9;Niño;Neutral;-0.07;26.51;26.7;-0.54;-0.745
130;oct-80;1980;10;Niño;Neutral;-0.02;26.48;26.7;-0.34;-0.657
131;nov-80;1980;11;Niño;Neutral;0.14;26.46;26.7;-0.47;-0.417
132;dic-80;1980;12;Niño;Neutral;0.22;26.43;26.7;-0.21;-0.483
133;ene-81;1981;1;Niña;Neutral;-0.38;26.57;26.7;0.27;-0.201
134;feb-81;1981;2;Niña;Niña;-0.62;26.75;26.7;-0.47;-0.024
135;mar-81;1981;3;Niña;Niña;-0.51;27.17;26.7;-2.01;0.027
136;abr-81;1981;4;Niña;Neutral;-0.29;27.59;26.7;-0.6;0.092
137;may-81;1981;5;Niña;Neutral;-0.3;27.66;26.7;0.82;-0.018
138;jun-81;1981;6;Niña;Neutral;-0.19;27.46;26.7;1.28;-0.24
139;jul-81;1981;7;Niña;Neutral;-0.37;27.02;26.71;0.87;-0.56
140;ago-81;1981;8;Niña;Neutral;-0.32;26.64;26.71;0.4;-0.628
141;sep-81;1981;9;Niña;Neutral;-0.04;26.56;26.7;0.52;-0.757
142;oct-81;1981;10;Niña;Neutral;-0.11;26.53;26.7;-0.71;-0.606
143;nov-81;1981;11;Niña;Neutral;-0.23;26.52;26.7;0.07;-0.328
144;dic-81;1981;12;Niña;Neutral;-0.11;26.51;26.7;0.41;-0.019
145;ene-82;1982;1;Niño;Neutral;0.11;26.57;26.7;0.87;0.144
146;feb-82;1982;2;Niño;Neutral;-0.15;26.75;26.7;-0.03;0.166
147;mar-82;1982;3;Niño;Neutral;0.25;27.17;26.7;0.05;0.054
148;abr-82;1982;4;Niño;Neutral;0.45;27.59;26.71;-0.46;0.119
149;may-82;1982;5;Niño;Niño;0.72;27.66;26.71;-0.74;0.223
150;jun-82;1982;6;Niño;Niño;0.8;27.46;26.71;-2.49;0.255
151;jul-82;1982;7;Niño;Niño;0.64;27.02;26.71;-1.89;0.265
152;ago-82;1982;8;Niño;Niño;0.93;26.64;26.71;-2.66;0.256
153;sep-82;1982;9;Niño;Niño;1.64;26.56;26.71;-2.12;0.442
154;oct-82;1982;10;Niño;Niño;2.16;26.53;26.71;-2.2;0.623
155;nov-82;1982;11;Niño;Niño;2.09;26.52;26.71;-3.25;0.284
156;dic-82;1982;12;Niño;Niño;2.28;26.51;26.71;-2.48;-0.162
157;ene-83;1983;1;Niño - Niña;Niño;2.32;26.57;26.71;-3.36;-0.482
158;feb-83;1983;2;Niño - Niña;Niño;1.94;26.75;26.71;-3.46;-0.587
159;mar-83;1983;3;Niño - Niña;Niño;1.49;27.17;26.71;-3.25;-0.752
160;abr-83;1983;4;Niño - Niña;Niño;1.19;27.59;26.71;-1.41;-0.556
161;may-83;1983;5;Niño - Niña;Niño;1.18;27.66;26.72;0.79;-0.059
162;jun-83;1983;6;Niño - Niña;Niño;0.82;27.46;26.72;-0.58;0.371
163;jul-83;1983;7;Niño - Niña;Neutral;0.17;27.02;26.72;-0.7;0.525
164;ago-83;1983;8;Niño - Niña;Neutral;-0.04;26.64;26.72;-0.37;0.345
165;sep-83;1983;9;Niño - Niña;Neutral;-0.36;26.56;26.72;0.91;-0.069
166;oct-83;1983;10;Niño - Niña;Niña;-0.96;26.53;26.72;0.34;-0.288
167;nov-83;1983;11;Niño - Niña;Niña;-1.1;26.52;26.72;-0.12;-0.343
168;dic-83;1983;12;Niño - Niña;Niña;-0.94;26.51;26.72;-0.17;-0.101
169;ene-84;1984;1;Niña;Niña;-0.69;26.57;26.72;-0.03;-0.223
170;feb-84;1984;2;Niña;Neutral;-0.18;26.75;26.72;0.43;-0.149
171;mar-84;1984;3;Niña;Neutral;-0.39;27.17;26.72;-0.85;-0.122
172;abr-84;1984;4;Niña;Neutral;-0.44;27.59;26.72;0.39;0.05
173;may-84;1984;5;Niña;Neutral;-0.46;27.66;26.72;-0.03;-0.305
174;jun-84;1984;6;Niña;Niña;-0.63;27.46;26.72;-1.22;-0.357
175;jul-84;1984;7;Niña;Neutral;-0.24;27.02;26.72;0.12;-0.366
176;ago-84;1984;8;Niña;Neutral;-0.04;26.64;26.72;0.1;-0.498
177;sep-84;1984;9;Niña;Neutral;-0.19;26.56;26.72;0.17;-0.608
178;oct-84;1984;10;Niña;Neutral;-0.49;26.53;26.72;-0.61;-0.654
179;nov-84;1984;11;Niña;Niña;-1;26.52;26.72;0.12;-0.418
180;dic-84;1984;12;Niña;Niña;-1.25;26.51;26.72;-0.24;-0.278
181;ene-85;1985;1;Niña;Niña;-1.17;26.57;26.72;-0.55;-0.466
182;feb-85;1985;2;Niña;Niña;-0.71;26.75;26.72;0.79;-0.627
183;mar-85;1985;3;Niña;Niña;-0.67;27.17;26.72;0.2;-0.541
184;abr-85;1985;4;Niña;Niña;-0.93;27.59;26.72;1.42;-0.2
185;may-85;1985;5;Niña;Niña;-0.75;27.66;26.73;-0.15;-0.223
186;jun-85;1985;6;Niña;Niña;-0.65;27.46;26.73;-1.39;-0.629
187;jul-85;1985;7;Niña;Neutral;-0.47;27.02;26.73;-0.2;-0.403
188;ago-85;1985;8;Niña;Neutral;-0.35;26.64;26.73;0.66;-0.459
189;sep-85;1985;9;Niña;Niña;-0.55;26.56;26.73;0;-0.238
190;oct-85;1985;10;Niña;Neutral;-0.3;26.53;26.73;-0.76;-0.498
191;nov-85;1985;11;Niña;Neutral;-0.2;26.52;26.73;-0.35;0.074
192;dic-85;1985;12;Niña;Neutral;-0.32;26.51;26.73;0.12;-0.417
193;ene-86;1986;1;Niña - Niño;Niña;-0.56;26.46;26.73;0.82;-0.113
194;feb-86;1986;2;Niña - Niño;Niña;-0.6;26.66;26.73;-1.28;-0.135
195;mar-86;1986;3;Niña - Niño;Neutral;-0.26;27.14;26.73;-0.09;-0.2
196;abr-86;1986;4;Niña - Niño;Neutral;-0.08;27.58;26.73;0.11;-0.286
197;may-86;1986;5;Niña - Niño;Neutral;-0.27;27.68;26.73;-0.63;-0.154
198;jun-86;1986;6;Niña - Niño;Neutral;-0.01;27.43;26.73;1.01;-0.278
199;jul-86;1986;7;Niña - Niño;Neutral;0.17;27.01;26.73;0.24;-0.546
200;ago-86;1986;8;Niña - Niño;Niño;0.51;26.66;26.73;-0.85;-0.401
201;sep-86;1986;9;Niña - Niño;Niño;0.65;26.59;26.73;-0.53;-0.142
202;oct-86;1986;10;Niña - Niño;Niño;0.98;26.54;26.73;0.54;-0.048
203;nov-86;1986;11;Niña - Niño;Niño;1.2;26.5;26.73;-1.57;-0.244
204;dic-86;1986;12;Niña - Niño;Niño;1.24;26.47;26.73;-1.64;-0.274
205;ene-87;1987;1;Niño;Niño;1.22;26.46;26.73;-0.75;-0.081
206;feb-87;1987;2;Niño;Niño;1.23;26.66;26.73;-1.41;0.041
207;mar-87;1987;3;Niño;Niño;1.13;27.14;26.73;-2.03;-0.137
208;abr-87;1987;4;Niño;Niño;0.82;27.58;26.73;-2.69;-0.157
209;may-87;1987;5;Niño;Niño;0.88;27.68;26.74;-2.12;0.165
210;jun-87;1987;6;Niño;Niño;1.21;27.43;26.74;-2.69;0.109
211;jul-87;1987;7;Niño;Niño;1.57;27.01;26.74;-1.82;0.207
212;ago-87;1987;8;Niño;Niño;1.76;26.66;26.74;-1.67;0.297
213;sep-87;1987;9;Niño;Niño;1.77;26.59;26.74;-1.13;0.393
214;oct-87;1987;10;Niño;Niño;1.42;26.54;26.74;-0.69;0.255
215;nov-87;1987;11;Niño;Niño;1.27;26.5;26.74;-0.07;-0.051
216;dic-87;1987;12;Niño;Niño;1.07;26.47;26.74;-0.66;0.152
217;ene-88;1988;1;Niño - Niña;Niño;0.99;26.46;26.73;-0.31;0.353
218;feb-88;1988;2;Niño - Niña;Neutral;0.37;26.66;26.73;-0.65;-0.154
219;mar-88;1988;3;Niño - Niña;Neutral;0.25;27.14;26.74;0.13;-0.313
220;abr-88;1988;4;Niño - Niña;Neutral;-0.19;27.58;26.74;-0.03;-0.128
221;may-88;1988;5;Niño - Niña;Niña;-1;27.68;26.74;1.09;-0.513
222;jun-88;1988;6;Niño - Niña;Niña;-1.44;27.43;26.74;-0.2;-0.272
223;jul-88;1988;7;Niño - Niña;Niña;-1.45;27.01;26.74;1.17;-0.15
224;ago-88;1988;8;Niño - Niña;Niña;-0.99;26.66;26.74;1.36;-0.289
225;sep-88;1988;9;Niño - Niña;Niña;-0.87;26.59;26.74;1.92;-0.394
226;oct-88;1988;10;Niño - Niña;Niña;-1.71;26.54;26.74;1.35;-0.525
227;nov-88;1988;11;Niño - Niña;Niña;-1.85;26.5;26.74;1.92;-0.183
228;dic-88;1988;12;Niño - Niña;Niña;-1.83;26.47;26.74;1.09;0.156
229;ene-89;1989;1;Niña;Niña;-1.87;26.46;26.74;1.31;-0.281
230;feb-89;1989;2;Niña;Niña;-1.37;26.66;26.74;0.8;-0.045
231;mar-89;1989;3;Niña;Niña;-1.05;27.14;26.74;0.59;-0.319
232;abr-89;1989;4;Niña;Niña;-0.82;27.58;26.74;2.18;-0.48
233;may-89;1989;5;Niña;Niña;-0.61;27.68;26.74;1.45;-0.594
234;jun-89;1989;6;Niña;Neutral;-0.29;27.43;26.74;0.81;-0.78
235;jul-89;1989;7;Niña;Neutral;-0.3;27.01;26.75;0.95;-0.447
236;ago-89;1989;8;Niña;Neutral;-0.33;26.66;26.75;-0.82;-0.321
237;sep-89;1989;9;Niña;Neutral;-0.18;26.59;26.74;0.52;-0.225
238;oct-89;1989;10;Niña;Neutral;-0.22;26.54;26.74;0.61;-0.412
239;nov-89;1989;11;Niña;Neutral;-0.25;26.5;26.74;-0.38;-0.338
240;dic-89;1989;12;Niña;Neutral;-0.01;26.47;26.74;-0.62;-0.167
241;ene-90;1990;1;Neutral;Neutral;0.11;26.46;26.74;-0.21;-0.099
242;feb-90;1990;2;Neutral;Neutral;0.31;26.66;26.74;-1.79;-0.289
243;mar-90;1990;3;Neutral;Neutral;0.2;27.14;26.74;-1.09;-0.143
244;abr-90;1990;4;Neutral;Neutral;0.33;27.58;26.75;-0.01;-0.385
245;may-90;1990;5;Neutral;Neutral;0.34;27.68;26.75;1.41;-0.348
246;jun-90;1990;6;Neutral;Neutral;0.21;27.43;26.75;-0.07;-0.568
247;jul-90;1990;7;Neutral;Neutral;0.37;27.01;26.75;0.57;-0.246
248;ago-90;1990;8;Neutral;Neutral;0.42;26.66;26.75;-0.71;-0.392
249;sep-90;1990;9;Neutral;Neutral;0.35;26.59;26.75;-0.78;-0.183
250;oct-90;1990;10;Neutral;Neutral;0.4;26.54;26.75;-0.17;-0.345
251;nov-90;1990;11;Neutral;Neutral;0.31;26.5;26.75;-0.68;-0.094
252;dic-90;1990;12;Neutral;Neutral;0.48;26.47;26.75;-0.38;0.003
253;ene-91;1991;1;Niño;Neutral;0.45;26.59;26.75;0.45;0.065
254;feb-91;1991;2;Niño;Neutral;0.29;26.79;26.75;-0.06;-0.097
255;mar-91;1991;3;Niño;Neutral;0.05;27.28;26.75;-1.35;-0.037
256;abr-91;1991;4;Niño;Neutral;0.32;27.7;26.75;-1.55;0.289
257;may-91;1991;5;Niño;Neutral;0.4;27.8;26.75;-1.74;0.379
258;jun-91;1991;6;Niño;Niño;0.65;27.6;26.75;-0.79;0.263
259;jul-91;1991;7;Niño;Niño;0.86;27.19;26.75;-0.07;0.27
260;ago-91;1991;8;Niño;Niño;0.69;26.84;26.75;-1.07;0.058
261;sep-91;1991;9;Niño;Neutral;0.36;26.78;26.75;-1.64;0.099
262;oct-91;1991;10;Niño;Niño;0.82;26.76;26.75;-1.55;-0.03
263;nov-91;1991;11;Niño;Niño;1.19;26.7;26.75;-0.77;0.04
264;dic-91;1991;12;Niño;Niño;1.62;26.66;26.75;-2.02;0.084
265;ene-92;1992;1;Niño;Niño;1.78;26.59;26.75;-2.85;-0.321
266;feb-92;1992;2;Niño;Niño;1.74;26.79;26.75;-1.05;-0.389
267;mar-92;1992;3;Niño;Niño;1.38;27.28;26.76;-2.85;-0.671
268;abr-92;1992;4;Niño;Niño;1.32;27.7;26.76;-2.06;-0.553
269;may-92;1992;5;Niño;Niño;1.16;27.8;26.76;0.06;-0.549
270;jun-92;1992;6;Niño;Niño;0.7;27.6;26.76;-1.82;-0.861
271;jul-92;1992;7;Niño;Neutral;0.33;27.19;26.76;-0.63;-0.479
272;ago-92;1992;8;Niño;Neutral;0.07;26.84;26.76;-0.01;-0.768
273;sep-92;1992;9;Niño;Neutral;-0.13;26.78;26.76;0.06;-0.833
274;oct-92;1992;10;Niño;Neutral;-0.34;26.76;26.76;-2.03;-0.627
275;nov-92;1992;11;Niño;Neutral;-0.28;26.7;26.76;-0.84;-0.399
276;dic-92;1992;12;Niño;Neutral;-0.21;26.66;26.76;-0.71;-0.317
277;ene-93;1993;1;Niño;Neutral;0.1;26.59;26.76;-0.93;-0.196
278;feb-93;1993;2;Niño;Neutral;0.38;26.79;26.76;-0.96;0.035
279;mar-93;1993;3;Niño;Neutral;0.4;27.28;26.76;-1.13;-0.295
280;abr-93;1993;4;Niño;Niño;0.71;27.7;26.76;-2.29;-0.181
281;may-93;1993;5;Niño;Niño;0.91;27.8;26.77;-0.59;-0.027
282;jun-93;1993;6;Niño;Neutral;0.48;27.6;26.77;-2.18;-0.108
283;jul-93;1993;7;Niño;Neutral;0.33;27.19;26.77;-1.06;-0.152
284;ago-93;1993;8;Niño;Neutral;0.15;26.84;26.77;-1.73;-0.305
285;sep-93;1993;9;Niño;Neutral;0.29;26.78;26.77;-0.78;-0.17
286;oct-93;1993;10;Niño;Neutral;0.02;26.76;26.77;-1.57;-0.156
287;nov-93;1993;11;Niño;Neutral;0.01;26.7;26.77;-0.13;-0.149
288;dic-93;1993;12;Niño;Neutral;0.1;26.66;26.77;0.07;-0.206
289;ene-94;1994;1;Niño;Neutral;0.06;26.59;26.77;-0.25;0.025
290;feb-94;1994;2;Niño;Neutral;0.03;26.79;26.77;-0.06;-0.146
291;mar-94;1994;3;Niño;Neutral;0.11;27.28;26.77;-1.35;0.202
292;abr-94;1994;4;Niño;Neutral;0.38;27.7;26.77;-2.63;0.351
293;may-94;1994;5;Niño;Neutral;0.43;27.8;26.77;-1.26;0.544
294;jun-94;1994;6;Niño;Neutral;0.44;27.6;26.77;-1.46;0.433
295;jul-94;1994;7;Niño;Neutral;0.35;27.19;26.77;-1.7;0.557
296;ago-94;1994;8;Niño;Niño;0.54;26.84;26.78;-2.03;0.811
297;sep-94;1994;9;Niño;Neutral;0.41;26.78;26.78;-1.7;0.529
298;oct-94;1994;10;Niño;Niño;0.71;26.76;26.77;-1.58;0.707
299;nov-94;1994;11;Niño;Niño;1.11;26.7;26.77;-0.81;0.287
300;dic-94;1994;12;Niño;Niño;1.19;26.66;26.77;-1.41;0.263
301;ene-95;1995;1;Niño - Niña;Niño;0.98;26.59;26.77;-0.51;0.14
302;feb-95;1995;2;Niño - Niña;Niño;0.71;26.79;26.77;-0.35;0.164
303;mar-95;1995;3;Niño - Niña;Neutral;0.48;27.28;26.78;0.24;-0.05
304;abr-95;1995;4;Niño - Niña;Neutral;0.41;27.7;26.78;-1.72;-0.221
305;may-95;1995;5;Niño - Niña;Neutral;0.02;27.8;26.78;-0.91;-0.251
306;jun-95;1995;6;Niño - Niña;Neutral;-0.01;27.6;26.78;-0.31;-0.078
307;jul-95;1995;7;Niño - Niña;Neutral;-0.11;27.19;26.78;0.44;-0.169
308;ago-95;1995;8;Niño - Niña;Niña;-0.61;26.84;26.78;-0.11;-0.144
309;sep-95;1995;9;Niño - Niña;Niña;-0.9;26.78;26.78;0.28;-0.18
310;oct-95;1995;10;Niño - Niña;Niña;-0.92;26.76;26.78;-0.34;-0.367
311;nov-95;1995;11;Niño - Niña;Niña;-1.1;26.7;26.78;-0.02;-0.294
312;dic-95;1995;12;Niño - Niña;Niña;-1;26.66;26.78;-0.72;0.09
313;ene-96;1996;1;Niña;Niña;-0.86;26.56;26.78;0.82;-0.021
314;feb-96;1996;2;Niña;Niña;-0.85;26.75;26.78;-0.02;-0.033
315;mar-96;1996;3;Niña;Niña;-0.56;27.24;26.78;0.53;-0.085
316;abr-96;1996;4;Niña;Neutral;-0.36;27.72;26.78;0.91;-0.369
317;may-96;1996;5;Niña;Neutral;-0.26;27.81;26.78;0.46;-0.266
318;jun-96;1996;6;Niña;Neutral;-0.3;27.59;26.79;1.6;-0.394
319;jul-96;1996;7;Niña;Neutral;-0.32;27.18;26.79;0.7;-0.643
320;ago-96;1996;8;Niña;Neutral;-0.2;26.83;26.79;0.33;-0.681
321;sep-96;1996;9;Niña;Neutral;-0.45;26.73;26.79;0.66;-0.712
322;oct-96;1996;10;Niña;Neutral;-0.4;26.67;26.79;0.26;-1.108
323;nov-96;1996;11;Niña;Neutral;-0.34;26.63;26.79;-0.21;-0.797
324;dic-96;1996;12;Niña;Niña;-0.61;26.56;26.79;0.71;-0.413
325;ene-97;1997;1;Niña - Niño;Niña;-0.54;26.56;26.79;0.29;-0.11
326;feb-97;1997;2;Niña - Niño;Neutral;-0.36;26.75;26.79;1.21;0.079
327;mar-97;1997;3;Niña - Niño;Neutral;-0.2;27.24;26.79;-1.09;0.043
328;abr-97;1997;4;Niña - Niño;Neutral;0.27;27.72;26.79;-1.55;0.054
329;may-97;1997;5;Niña - Niño;Niño;0.76;27.81;26.79;-2.41;0.025
330;jun-97;1997;6;Niña - Niño;Niño;1.22;27.59;26.79;-3.02;0.082
331;jul-97;1997;7;Niña - Niño;Niño;1.67;27.18;26.79;-0.91;0.447
332;ago-97;1997;8;Niña - Niño;Niño;1.91;26.83;26.79;-2.31;0.634
333;sep-97;1997;9;Niña - Niño;Niño;2.12;26.73;26.79;-1.55;0.771
334;oct-97;1997;10;Niña - Niño;Niño;2.4;26.67;26.79;-1.69;0.873
335;nov-97;1997;11;Niña - Niño;Niño;2.48;26.63;26.79;-1.31;1.279
336;dic-97;1997;12;Niña - Niño;Niño;2.32;26.56;26.79;-1.12;0.863
337;ene-98;1998;1;Niño - Niña;Niño;2.37;26.56;26.79;-2.53;0.525
338;feb-98;1998;2;Niño - Niña;Niño;2.03;26.75;26.79;-1.97;0.422
339;mar-98;1998;3;Niño - Niña;Niño;1.38;27.24;26.79;-3.31;-0.055
340;abr-98;1998;4;Niño - Niña;Niño;0.9;27.72;26.79;-2.8;0.047
341;may-98;1998;5;Niño - Niña;Niño;0.7;27.81;26.79;0.17;0.14
342;jun-98;1998;6;Niño - Niña;Neutral;-0.24;27.59;26.8;1.05;0.147
343;jul-98;1998;7;Niño - Niña;Niña;-0.86;27.18;26.8;1.49;-0.385
344;ago-98;1998;8;Niño - Niña;Niña;-1.25;26.83;26.8;0.83;-0.58
345;sep-98;1998;9;Niño - Niña;Niña;-1.26;26.73;26.8;1.04;-0.496
346;oct-98;1998;10;Niño - Niña;Niña;-1.41;26.67;26.8;1.01;-0.743
347;nov-98;1998;11;Niño - Niña;Niña;-1.38;26.63;26.8;1.01;-0.653
348;dic-98;1998;12;Niño - Niña;Niña;-1.64;26.56;26.8;1.32;-0.336
349;ene-99;1999;1;Niña;Niña;-1.69;26.56;26.8;1.58;-0.13
350;feb-99;1999;2;Niña;Niña;-1.31;26.75;26.8;0.58;-0.038
351;mar-99;1999;3;Niña;Niña;-0.9;27.24;26.8;0.78;0.102
352;abr-99;1999;4;Niña;Niña;-1;27.72;26.8;2.1;-0.002
353;may-99;1999;5;Niña;Niña;-1.02;27.81;26.8;0.44;-0.186
354;jun-99;1999;6;Niña;Niña;-1.05;27.59;26.8;0;-0.145
355;jul-99;1999;7;Niña;Niña;-1.05;27.18;26.8;0.52;0.112
356;ago-99;1999;8;Niña;Niña;-1.19;26.83;26.8;-0.03;0.023
357;sep-99;1999;9;Niña;Niña;-1.09;26.73;26.8;-0.07;-0.05
358;oct-99;1999;10;Niña;Niña;-1.19;26.67;26.8;0.95;-0.19
359;nov-99;1999;11;Niña;Niña;-1.5;26.63;26.8;1.22;-0.116
360;dic-99;1999;12;Niña;Niña;-1.7;26.56;26.8;1.37;-0.148
361;ene-00;2000;1;Niña;Niña;-1.77;26.56;26.8;0.47;-0.125
362;feb-00;2000;2;Niña;Niña;-1.53;26.75;26.8;1.24;-0.009
363;mar-00;2000;3;Niña;Niña;-0.93;27.24;26.8;0.88;0.14
364;abr-00;2000;4;Niña;Niña;-0.75;27.72;26.8;1.76;0.141
365;may-00;2000;5;Niña;Niña;-0.74;27.81;26.8;0.42;0.113
366;jun-00;2000;6;Niña;Niña;-0.64;27.59;26.8;-0.87;-0.022
367;jul-00;2000;7;Niña;Niña;-0.55;27.18;26.81;-0.34;0.077
368;ago-00;2000;8;Niña;Neutral;-0.47;26.83;26.81;0.48;0.131
369;sep-00;2000;9;Niña;Niña;-0.52;26.73;26.81;0.97;-0.096
370;oct-00;2000;10;Niña;Niña;-0.65;26.67;26.81;0.87;-0.142
371;nov-00;2000;11;Niña;Niña;-0.71;26.63;26.8;2.02;-0.306
372;dic-00;2000;12;Niña;Niña;-0.88;26.56;26.8;0.77;-0.248
373;ene-01;2001;1;Niña;Niña;-0.63;26.45;26.8;0.78;-0.431
374;feb-01;2001;2;Niña;Niña;-0.53;26.66;26.8;1;-0.017
375;mar-01;2001;3;Niña;Neutral;-0.39;27.21;26.8;0.46;-0.01
376;abr-01;2001;4;Niña;Neutral;-0.39;27.73;26.81;-0.18;0.136
377;may-01;2001;5;Niña;Neutral;-0.24;27.85;26.81;-0.84;0.137
378;jun-01;2001;6;Niña;Neutral;-0.11;27.65;26.81;-0.19;0.127
379;jul-01;2001;7;Niña;Neutral;-0.01;27.26;26.81;-0.27;-0.14
380;ago-01;2001;8;Niña;Neutral;-0.1;26.91;26.81;-1.01;-0.301
381;sep-01;2001;9;Niña;Neutral;-0.28;26.8;26.81;0.11;-0.223
382;oct-01;2001;10;Niña;Neutral;-0.18;26.75;26.81;-0.38;-0.451
383;nov-01;2001;11;Niña;Neutral;-0.41;26.75;26.81;0.64;-0.245
384;dic-01;2001;12;Niña;Neutral;-0.46;26.65;26.81;-1.06;-0.051
385;ene-02;2002;1;Niño;Neutral;-0.05;26.45;26.81;0.2;-0.142
386;feb-02;2002;2;Niño;Neutral;0.06;26.66;26.81;0.64;-0.098
387;mar-02;2002;3;Niño;Neutral;0.09;27.21;26.81;-0.81;0.008
388;abr-02;2002;4;Niño;Neutral;0.12;27.73;26.81;-0.48;-0.352
389;may-02;2002;5;Niño;Neutral;0.4;27.85;26.81;-1.54;-0.329
390;jun-02;2002;6;Niño;Niño;0.79;27.65;26.81;-1.02;-0.19
391;jul-02;2002;7;Niño;Niño;0.77;27.26;26.81;-0.7;-0.26
392;ago-02;2002;8;Niño;Niño;0.81;26.91;26.81;-1.62;-0.208
393;sep-02;2002;9;Niño;Niño;1.01;26.8;26.81;-0.66;0.286
394;oct-02;2002;10;Niño;Niño;1.2;26.75;26.81;-0.79;0.405
395;nov-02;2002;11;Niño;Niño;1.41;26.75;26.81;-0.6;0.096
396;dic-02;2002;12;Niño;Niño;1.31;26.65;26.81;-1.3;-0.158
397;ene-03;2003;1;Niño - Niña;Niño;0.7;26.45;26.81;-0.3;-0.239
398;feb-03;2003;2;Niño - Niña;Niño;0.74;26.66;26.81;-0.9;0.017
399;mar-03;2003;3;Niño - Niña;Neutral;0.45;27.21;26.81;-0.91;-0.039
400;abr-03;2003;4;Niño - Niña;Neutral;-0.05;27.73;26.82;-0.48;-0.099
401;may-03;2003;5;Niño - Niña;Niña;-0.52;27.85;26.82;-0.85;-0.164
402;jun-03;2003;6;Niño - Niña;Neutral;-0.21;27.65;26.82;-1.75;0.139
403;jul-03;2003;7;Niño - Niña;Neutral;0.24;27.26;26.82;0.26;0.131
404;ago-03;2003;8;Niño - Niña;Neutral;0.2;26.91;26.82;-0.35;0.108
405;sep-03;2003;9;Niño - Niña;Neutral;0.19;26.8;26.82;-0.18;-0.061
406;oct-03;2003;10;Niño - Niña;Neutral;0.38;26.75;26.82;-0.26;-0.243
407;nov-03;2003;11;Niño - Niña;Neutral;0.29;26.75;26.82;-0.32;-0.159
408;dic-03;2003;12;Niño - Niña;Neutral;0.38;26.65;26.82;0.92;0.189
409;ene-04;2004;1;Niño;Neutral;0.38;26.45;26.82;-1.31;0.044
410;feb-04;2004;2;Niño;Neutral;0.34;26.66;26.82;0.77;0.114
411;mar-04;2004;3;Niño;Neutral;0.21;27.21;26.82;-0.11;0.077
412;abr-04;2004;4;Niño;Neutral;0.16;27.73;26.82;-1.91;-0.08
413;may-04;2004;5;Niño;Neutral;0.14;27.85;26.82;1.22;-0.565
414;jun-04;2004;6;Niño;Neutral;0.2;27.65;26.82;-1.91;-0.384
415;jul-04;2004;7;Niño;Niño;0.51;27.26;26.82;-0.72;-0.301
416;ago-04;2004;8;Niño;Niño;0.7;26.91;26.82;-0.9;-0.132
417;sep-04;2004;9;Niño;Niño;0.72;26.8;26.82;-0.31;-0.106
418;oct-04;2004;10;Niño;Niño;0.68;26.75;26.82;-0.42;-0.004
419;nov-04;2004;11;Niño;Niño;0.61;26.75;26.82;-1.06;-0.153
420;dic-04;2004;12;Niño;Niño;0.69;26.65;26.82;-0.94;-0.132
421;ene-05;2005;1;Niño - Niña;Niño;0.76;26.45;26.82;0.2;-0.124
422;feb-05;2005;2;Niño - Niña;Neutral;0.46;26.66;26.82;-2.99;-0.56
423;mar-05;2005;3;Niño - Niña;Niño;0.53;27.21;26.82;-0.26;-0.432
424;abr-05;2005;4;Niño - Niña;Neutral;0.35;27.73;26.82;-1.22;0.084
425;may-05;2005;5;Niño - Niña;Neutral;0.39;27.85;26.83;-1.46;-0.033
426;jun-05;2005;6;Niño - Niña;Neutral;0.12;27.65;26.83;0.11;-0.176
427;jul-05;2005;7;Niño - Niña;Neutral;-0.19;27.26;26.83;0.06;-0.384
428;ago-05;2005;8;Niño - Niña;Neutral;-0.1;26.91;26.83;-0.97;-0.345
429;sep-05;2005;9;Niño - Niña;Neutral;-0.11;26.8;26.83;0.34;-0.534
430;oct-05;2005;10;Niño - Niña;Neutral;-0.1;26.75;26.83;1.12;-0.436
431;nov-05;2005;11;Niño - Niña;Niña;-0.64;26.75;26.83;-0.42;-0.272
432;dic-05;2005;12;Niño - Niña;Niña;-0.97;26.65;26.83;0.01;-0.3
433;ene-06;2006;1;Niña - Niño;Niña;-0.91;26.55;26.83;1.29;-0.135
434;feb-06;2006;2;Niña - Niño;Niña;-0.67;26.76;26.83;-0.12;-0.305
435;mar-06;2006;3;Niña - Niño;Niña;-0.71;27.29;26.83;1.32;-0.226
436;abr-06;2006;4;Niña - Niño;Neutral;-0.32;27.83;26.83;1.17;-0.015
437;may-06;2006;5;Niña - Niño;Neutral;-0.09;27.94;26.83;-0.96;-0.207
438;jun-06;2006;6;Niña - Niño;Neutral;0;27.73;26.83;-0.98;-0.059
439;jul-06;2006;7;Niña - Niño;Neutral;0.01;27.29;26.83;-0.9;0.04
440;ago-06;2006;8;Niña - Niño;Neutral;0.31;26.86;26.83;-1.75;0.229
441;sep-06;2006;9;Niña - Niño;Niño;0.6;26.72;26.83;-0.6;0.428
442;oct-06;2006;10;Niña - Niño;Niño;0.7;26.72;26.83;-1.52;0.577
443;nov-06;2006;11;Niña - Niño;Niño;0.99;26.7;26.83;0.05;0.501
444;dic-06;2006;12;Niña - Niño;Niño;1.14;26.6;26.83;-0.39;0.172
445;ene-07;2007;1;Niño - Niña;Niño;0.7;26.55;26.83;-0.83;0.224
446;feb-07;2007;2;Niño - Niña;Neutral;0.13;26.76;26.83;-0.38;0.15
447;mar-07;2007;3;Niño - Niña;Neutral;-0.18;27.29;26.83;-0.3;0.116
448;abr-07;2007;4;Niño - Niña;Neutral;-0.31;27.83;26.83;-0.35;0.1
449;may-07;2007;5;Niño - Niña;Neutral;-0.47;27.94;26.83;-0.3;0.27
450;jun-07;2007;6;Niño - Niña;Neutral;-0.36;27.73;26.84;0.14;0.03
451;jul-07;2007;7;Niño - Niña;Niña;-0.59;27.29;26.84;-0.44;0.045
452;ago-07;2007;8;Niño - Niña;Niña;-0.72;26.86;26.84;0.01;0.236
453;sep-07;2007;9;Niño - Niña;Niña;-1.11;26.72;26.84;0.12;0.235
454;oct-07;2007;10;Niño - Niña;Niña;-1.39;26.72;26.84;0.44;0.068
455;nov-07;2007;11;Niño - Niña;Niña;-1.53;26.7;26.84;0.82;-0.023
456;dic-07;2007;12;Niño - Niña;Niña;-1.58;26.6;26.84;1.49;-0.227
457;ene-08;2008;1;Niña;Niña;-1.68;26.55;26.84;1.54;0.115
458;feb-08;2008;2;Niña;Niña;-1.66;26.76;26.84;2.05;-0.072
459;mar-08;2008;3;Niña;Niña;-1.21;27.29;26.84;1.04;0.097
460;abr-08;2008;4;Niña;Niña;-0.99;27.83;26.84;0.56;-0.153
461;may-08;2008;5;Niña;Niña;-0.84;27.94;26.84;-0.25;0.178
462;jun-08;2008;6;Niña;Niña;-0.68;27.73;26.84;0.34;0.215
463;jul-08;2008;7;Niña;Neutral;-0.3;27.29;26.84;0.2;0.246
464;ago-08;2008;8;Niña;Neutral;-0.13;26.86;26.84;0.64;0.124
465;sep-08;2008;9;Niña;Neutral;-0.25;26.72;26.84;1.26;0.086
466;oct-08;2008;10;Niña;Neutral;-0.35;26.72;26.84;1.52;0.029
467;nov-08;2008;11;Niña;Neutral;-0.46;26.7;26.84;1.64;-0.128
468;dic-08;2008;12;Niña;Niña;-0.86;26.6;26.84;1.43;-0.053
469;ene-09;2009;1;Niña - Niño;Niña;-0.89;26.55;26.84;0.85;0.031
470;feb-09;2009;2;Niña - Niño;Niña;-0.79;26.76;26.84;1.37;0.163
471;mar-09;2009;3;Niña - Niño;Niña;-0.7;27.29;26.84;-0.21;0.1
472;abr-09;2009;4;Niña - Niño;Neutral;-0.35;27.83;26.84;1.06;0.126
473;may-09;2009;5;Niña - Niño;Neutral;0.06;27.94;26.84;-0.86;0.256
474;jun-09;2009;6;Niña - Niño;Neutral;0.31;27.73;26.84;-0.45;0.1
475;jul-09;2009;7;Niña - Niño;Neutral;0.48;27.29;26.84;0.18;-0.192
476;ago-09;2009;8;Niña - Niño;Niño;0.56;26.86;26.84;-0.59;-0.104
477;sep-09;2009;9;Niña - Niño;Niño;0.68;26.72;26.84;0.35;-0.103
478;oct-09;2009;10;Niña - Niño;Niño;0.89;26.72;26.84;-1.66;-0.013
479;nov-09;2009;11;Niña - Niño;Niño;1.45;26.7;26.84;-0.67;-0.067
480;dic-09;2009;12;Niña - Niño;Niño;1.73;26.6;26.84;-0.95;0.16
481;ene-10;2010;1;Niño - Niña;Niño;1.51;26.55;26.84;-1.13;0.294
482;feb-10;2010;2;Niño - Niña;Niño;1.25;26.76;26.84;-1.59;0.023
483;mar-10;2010;3;Niño - Niña;Niño;0.9;27.29;26.84;-1.4;0.458
484;abr-10;2010;4;Niño - Niña;Neutral;0.38;27.83;26.85;1.88;0.37
485;may-10;2010;5;Niño - Niña;Neutral;-0.22;27.94;26.85;0.85;-0.03
486;jun-10;2010;6;Niño - Niña;Niña;-0.69;27.73;26.85;0.24;-0.14
487;jul-10;2010;7;Niño - Niña;Niña;-1.07;27.29;26.85;1.95;-0.001
488;ago-10;2010;8;Niño - Niña;Niña;-1.38;26.86;26.85;1.77;-0.062
489;sep-10;2010;9;Niño - Niña;Niña;-1.59;26.72;26.85;2.44;-0.268
490;oct-10;2010;10;Niño - Niña;Niña;-1.69;26.72;26.85;1.8;-0.437
491;nov-10;2010;11;Niño - Niña;Niña;-1.64;26.7;26.85;1.62;-0.495
492;dic-10;2010;12;Niño - Niña;Niña;-1.6;26.6;26.85;2.9;-0.212
493;ene-11;2011;1;Niña;Niña;-1.54;26.55;26.85;2.01;0.192
494;feb-11;2011;2;Niña;Niña;-1.11;26.76;26.85;2.12;0.242
495;mar-11;2011;3;Niña;Niña;-0.92;27.29;26.85;2.09;0.367
496;abr-11;2011;4;Niña;Niña;-0.76;27.83;26.85;3.02;0.154
497;may-11;2011;5;Niña;Niña;-0.52;27.94;26.85;0.46;-0.089
498;jun-11;2011;6;Niña;Neutral;-0.38;27.73;26.85;-0.04;0.055
499;jul-11;2011;7;Niña;Neutral;-0.42;27.29;26.85;1.11;0.223
500;ago-11;2011;8;Niña;Niña;-0.64;26.86;26.85;0.07;0.344
501;sep-11;2011;9;Niña;Niña;-0.8;26.72;26.85;1.14;0.202
502;oct-11;2011;10;Niña;Niña;-1.05;26.72;26.85;0.91;0.356
503;nov-11;2011;11;Niña;Niña;-1.18;26.7;26.85;1.41;0.336
504;dic-11;2011;12;Niña;Niña;-1.05;26.6;26.85;2.45;-0.128
505;ene-12;2012;1;Niña;Niña;-0.87;26.55;26.85;0.9;0.046
506;feb-12;2012;2;Niña;Niña;-0.67;26.76;26.85;0.22;-0.078
507;mar-12;2012;3;Niña;Niña;-0.61;27.29;26.85;0.2;0.026
508;abr-12;2012;4;Niña;Neutral;-0.49;27.83;26.85;-0.65;-0.271
509;may-12;2012;5;Niña;Neutral;-0.32;27.94;26.85;-0.38;-0.37
510;jun-12;2012;6;Niña;Neutral;0.02;27.73;26.86;-1.51;0.001
511;jul-12;2012;7;Niña;Neutral;0.25;27.29;26.86;-0.15;0.546
512;ago-12;2012;8;Niña;Neutral;0.47;26.86;26.86;-0.74;0.652
513;sep-12;2012;9;Niña;Neutral;0.38;26.72;26.86;0.22;0.453
514;oct-12;2012;10;Niña;Neutral;0.26;26.72;26.86;0.17;0.11
515;nov-12;2012;11;Niña;Neutral;0.15;26.7;26.86;0.33;-0.1
516;dic-12;2012;12;Niña;Neutral;-0.25;26.6;26.86;-0.77;0.268
517;ene-13;2013;1;Niña;Niña;-0.53;26.55;26.85;-0.1;-0.065
518;feb-13;2013;2;Niña;Niña;-0.51;26.76;26.85;-0.47;0.189
519;mar-13;2013;3;Niña;Neutral;-0.25;27.29;26.86;1.06;0.083
520;abr-13;2013;4;Niña;Neutral;-0.25;27.83;26.86;0.01;-0.297
521;may-13;2013;5;Niña;Neutral;-0.4;27.94;26.86;0.9;-0.506
522;jun-13;2013;6;Niña;Neutral;-0.43;27.73;26.86;1.45;-0.497
523;jul-13;2013;7;Niña;Neutral;-0.39;27.29;26.86;0.76;-0.18
524;ago-13;2013;8;Niña;Neutral;-0.38;26.86;26.86;-0.23;-0.194
525;sep-13;2013;9;Niña;Neutral;-0.18;26.72;26.86;0.41;-0.31
526;oct-13;2013;10;Niña;Neutral;-0.2;26.72;26.86;-0.34;-0.168
527;nov-13;2013;11;Niña;Neutral;-0.14;26.7;26.86;0.75;0.199
528;dic-13;2013;12;Niña;Neutral;-0.17;26.6;26.86;-0.05;0.141
529;ene-14;2014;1;Niña - Niño;Neutral;-0.49;26.55;26.86;1.19;-0.101
530;feb-14;2014;2;Niña - Niño;Niña;-0.61;26.76;26.86;-0.32;-0.089
531;mar-14;2014;3;Niña - Niño;Neutral;-0.28;27.29;26.86;-1.7;-0.151
532;abr-14;2014;4;Niña - Niño;Neutral;0.09;27.83;26.86;0.81;-0.058
533;may-14;2014;5;Niña - Niño;Neutral;0.32;27.94;26.86;0.72;-0.092
534;jun-14;2014;6;Niña - Niño;Neutral;0.23;27.73;26.86;-0.46;-0.028
535;jul-14;2014;7;Niña - Niño;Neutral;-0.06;27.29;26.86;-0.26;-0.363
536;ago-14;2014;8;Niña - Niño;Neutral;-0.03;26.86;26.86;-1.42;-0.372
537;sep-14;2014;9;Niña - Niño;Neutral;0.29;26.72;26.86;-0.66;-0.145
538;oct-14;2014;10;Niña - Niño;Neutral;0.44;26.72;26.86;-0.86;0.141
539;nov-14;2014;11;Niña - Niño;Niño;0.75;26.7;26.86;-0.96;0.01
540;dic-14;2014;12;Niña - Niño;Niño;0.72;26.6;26.86;-0.66;0.046
541;ene-15;2015;1;Niño;Niño;0.51;26.55;26.86;-0.87;-0.1
542;feb-15;2015;2;Niño;Neutral;0.42;26.76;26.86;-0.04;-0.345
543;mar-15;2015;3;Niño;Neutral;0.47;27.29;26.86;-1.4;-0.241
544;abr-15;2015;4;Niño;Niño;0.7;27.83;26.86;-0.27;-0.008
545;may-15;2015;5;Niño;Niño;0.92;27.94;26.86;-1.04;0.24
546;jun-15;2015;6;Niño;Niño;1.17;27.73;26.87;-1.72;0.296
547;jul-15;2015;7;Niño;Niño;1.45;27.29;26.87;-1.41;0.225
548;ago-15;2015;8;Niño;Niño;1.93;26.86;26.87;-2.15;0.567
549;sep-15;2015;9;Niño;Niño;2.2;26.72;26.87;-1.65;0.294
550;oct-15;2015;10;Niño;Niño;2.36;26.72;26.87;-1.91;0.483
551;nov-15;2015;11;Niño;Niño;2.71;26.7;26.87;-0.63;0.347
552;dic-15;2015;12;Niño;Niño;2.65;26.6;26.87;-1;0.272
553;ene-16;2016;1;Niño - Niña;Niño;2.56;26.55;26.87;-2.12;0.266
554;feb-16;2016;2;Niño - Niña;Niño;2.24;26.76;26.87;-2.09;-0.11
555;mar-16;2016;3;Niño - Niña;Niño;1.61;27.29;26.87;-0.75;-0.009
556;abr-16;2016;4;Niño - Niña;Niño;0.9;27.83;26.87;-2.61;0.146
557;may-16;2016;5;Niño - Niña;Neutral;0.3;27.94;26.87;0.22;-0.113
558;jun-16;2016;6;Niño - Niña;Neutral;-0.03;27.73;26.87;0.44;-0.443
559;jul-16;2016;7;Niño - Niña;Neutral;-0.47;27.29;26.87;0.45;-0.758
560;ago-16;2016;8;Niño - Niña;Niña;-0.57;26.86;26.87;0.4;-0.444
561;sep-16;2016;9;Niño - Niña;Niña;-0.57;26.72;26.87;1.28;-0.437
562;oct-16;2016;10;Niño - Niña;Niña;-0.74;26.72;26.87;-0.66;-0.372
563;nov-16;2016;11;Niño - Niña;Niña;-0.76;26.7;26.87;-0.23;-0.382
564;dic-16;2016;12;Niño - Niña;Neutral;-0.5;26.6;26.87;0.19;-0.31
565;ene-17;2017;1;Niña;Neutral;-0.43;26.55;26.87;0.08;-0.086
566;feb-17;2017;2;Niña;Neutral;-0.08;26.76;26.87;-0.33;0.101
567;mar-17;2017;3;Niña;Neutral;0.03;27.29;26.87;0.41;0.357
568;abr-17;2017;4;Niña;Neutral;0.21;27.83;26.87;-0.75;0.499
569;may-17;2017;5;Niña;Neutral;0.36;27.94;26.87;0.23;0.536
570;jun-17;2017;6;Niña;Neutral;0.33;27.73;26.87;-1.39;0.424
571;jul-17;2017;7;Niña;Neutral;0.25;27.29;26.87;0.85;0.52
572;ago-17;2017;8;Niña;Neutral;-0.16;26.86;26.87;0.17;0.349
573;sep-17;2017;9;Niña;Neutral;-0.43;26.72;26.87;0.62;0.034
574;oct-17;2017;10;Niña;Niña;-0.56;26.72;26.87;0.75;0.016
575;nov-17;2017;11;Niña;Niña;-0.96;26.7;26.87;0.94;0.289
576;dic-17;2017;12;Niña;Niña;-0.99;26.6;26.87;-0.27;0.109
577;ene-18;2018;1;Niña - Niño;Niña;-0.98;26.55;26.87;0.91;-0.2
578;feb-18;2018;2;Niña - Niño;Niña;-0.78;26.76;26.87;-0.73;0.215
579;mar-18;2018;3;Niña - Niño;Niña;-0.8;27.29;26.87;1.03;-0.12
580;abr-18;2018;4;Niña - Niño;Niña;-0.51;27.83;26.87;0.58;-0.083
581;may-18;2018;5;Niña - Niño;Neutral;-0.2;27.94;26.87;0.56;0.122
582;jun-18;2018;6;Niña - Niño;Neutral;0.05;27.73;26.88;-0.74;0.155
583;jul-18;2018;7;Niña - Niño;Neutral;0.12;27.29;26.88;0.18;0.053
584;ago-18;2018;8;Niña - Niño;Neutral;0.09;26.86;26.88;-0.87;0.122
585;sep-18;2018;9;Niña - Niño;Neutral;0.47;26.72;26.88;-0.99;0.604
586;oct-18;2018;10;Niña - Niño;Niño;0.9;26.72;26.88;0.27;0.685
587;nov-18;2018;11;Niña - Niño;Niño;0.9;26.7;26.88;-0.08;0.5
588;dic-18;2018;12;Niña - Niño;Niño;0.89;26.6;26.88;0.93;0.309
589;ene-19;2019;1;Niño;Niño;0.65;26.55;26.87;-0.16;0.387
590;feb-19;2019;2;Niño;Niño;0.71;26.76;26.87;-1.43;0.416
591;mar-19;2019;3;Niño;Niño;0.8;27.29;26.88;-0.91;0.224
592;abr-19;2019;4;Niño;Niño;0.62;27.83;26.88;-0.03;0.258
593;may-19;2019;5;Niño;Niño;0.55;27.94;26.88;-0.71;0.539
594;jun-19;2019;6;Niño;Neutral;0.45;27.73;26.88;-1.36;0.605
595;jul-19;2019;7;Niño;Neutral;0.35;27.29;26.88;-0.51;0.597
596;ago-19;2019;8;Niño;Neutral;0.04;26.86;26.88;-0.7;0.436
597;sep-19;2019;9;Niño;Neutral;0.04;26.72;26.88;-1.26;0.893
598;oct-19;2019;10;Niño;Neutral;0.48;26.72;26.88;-0.66;0.964
599;nov-19;2019;11;Niño;Niño;0.52;26.7;26.88;-1.03;0.835
600;dic-19;2019;12;Niño;Niño;0.52;26.6;26.88;-0.73;0.243
601;ene-20;2020;1;Niño - Niña;Niño;0.6;26.55;26.88;0.01;0.173
602;feb-20;2020;2;Niño - Niña;Neutral;0.37;26.76;26.88;-0.31;0.054
603;mar-20;2020;3;Niño - Niña;Neutral;0.48;27.29;26.88;-0.75;0.019
604;abr-20;2020;4;Niño - Niña;Neutral;0.36;27.83;26.88;0.16;-0.011
605;may-20;2020;5;Niño - Niña;Neutral;-0.27;27.94;26.88;0.71;0.298
606;jun-20;2020;6;Niño - Niña;Neutral;-0.34;27.73;26.88;-1.36;0.454
607;jul-20;2020;7;Niño - Niña;Neutral;-0.3;27.29;26.88;0.44;0.32
608;ago-20;2020;8;Niño - Niña;Niña;-0.59;26.86;26.88;0.85;-0.183
609;sep-20;2020;9;Niño - Niña;Niña;-0.83;26.72;26.88;0.98;-0.19
610;oct-20;2020;10;Niño - Niña;Niña;-1.25;26.72;26.88;0.27;0.074
611;nov-20;2020;11;Niño - Niña;Niña;-1.42;26.7;26.88;0.85;0.02
612;dic-20;2020;12;Niño - Niña;Niña;-1.15;26.6;26.88;1.76;0.03
613;ene-21;2021;1;Niña;Niña;-0.99;26.55;26.88;1.64;0.051
614;feb-21;2021;2;Niña;Niña;-1;26.76;26.88;1.02;0.243
615;mar-21;2021;3;Niña;Niña;-0.8;27.29;26.88;-0.2;0.266
616;abr-21;2021;4;Niña;Niña;-0.72;27.83;26.88;0.3;0.25
617;may-21;2021;5;Neutral;Niña;-0.46;27.94;26.88;0.49;0.009
618;jun-21;2021;6;Neutral;Niña;-0.28;27.73;26.88;0.22;-0.002
619;jul-21;2021;7;Neutral;Niña;-0.39;27.29;26.88;1.61;-0.228
620;ago-21;2021;8;Niña;Niña;-0.53;26.86;26.88;0.27;-0.099
621;sep-21;2021;9;Niña;Niña;-0.55;26.72;26.88;0.86;-0.058
622;oct-21;2021;10;Niña;Niña;-0.94;26.72;26.88;0.51;-0.091
623;nov-21;2021;11;Niña;Niña;-0.94;26.7;26.88;1.12;0.069
624;dic-21;2021;12;Niña;Niña;-1.06;26.6;26.88;1.43;-0.12
625;ene-22;2022;1;Niña;Niña;-1;;;0.34;-0.056
626;feb-22;2022;2;Niña;Niña;-0.9;;;0.76;-0.083
627;mar-22;2022;3;Niña;Niña;-1;;;1.35;-0.093
628;abr-22;2022;4;Niña;Niña;-1.1;;;2.69;-0.068
629;may-22;2022;5;Niña;Niña;-1;;;1.9;-0.122
630;jun-22;2022;6;Niña;Niña;-0.9;;;2.45;-0.335
631;jul-22;2022;7;Niña;Niña;-0.8;;;0.91;-0.195
632;ago-22;2022;8;Niña;Niña;-0.9;;;0.81;-0.246
633;sep-22;2022;9;Niña;Niña;-1;;;1.73;-0.322
634;oct-22;2022;10;Niña;Niña;-1;;;1.73;-0.691
635;nov-22;2022;11;Niña;Niña;-0.9;;;0.31;-0.269
636;dic-22;2022;12;Niña;Niña;-0.8;;;2.11;-0.092
637;ene-23;2023;1;Neutral;Niña;-0.7;;;1.14;0.109
638;feb-23;2023;2;Neutral;Neutral;-0.4;;;0.93;0.157
639;mar-23;2023;3;Neutral;Neutral;-0.1;;;-0.38;0.415
640;abr-23;2023;4;Neutral;Neutral;0.2;;;-0.03;0.56
641;may-23;2023;5;Neutral;Niño;0.5;;;-1.6;0.443
642;jun-23;2023;6;Niño;Niño;0.8;;;-0.12;0.665
643;jul-23;2023;7;Niño;Niño;1.1;;;-0.38;0.498
644;ago-23;2023;8;Niño;Niño;1.3;;;-1.6;0.825
645;sep-23;2023;9;Niño;Niño;1.6;;;-1.36;0.946
646;oct-23;2023;10;Niño;Niño;1.8;;;-0.6;0.804
647;nov-23;2023;11;Niño;Niño;1.9;;;-0.9;0.92
648;dic-23;2023;12;Niño;Niño;2;;;-0.39;0.851
649;ene-24;2024;1;Niño;Niño;1.8;;;0.31;0.765
650;feb-24;2024;2;Niño;Niño;1.5;;;-1.47;0.328
651;mar-24;2024;3;Niño;Niño;1.1;;;-0.2;0.421
652;abr-24;2024;4;Neutral;Niño;0.7;;;-0.69;0.44
653;may-24;2024;5;Neutral;Neutral;0.4;;;0.57;0.297
654;jun-24;2024;6;Neutral;Neutral;0.2;;;-0.43;0.197
655;jul-24;2024;7;Neutral;Neutral;0;;;-0.65;0.033
656;ago-24;2024;8;Neutral;Neutral;-0.1;;;0.59;0.267
657;sep-24;2024;9;Neutral;Neutral;-0.2;;;-0.12;0.115
658;oct-24;2024;10;Neutral;Neutral;-0.3;;;0.35;-0.196
659;nov-24;2024;11;Neutral;Neutral;-0.4;;;0.61;-0.383
660;dic-24;2024;12;Niña;Niña;-0.5;;;1.09;-0.331
661;ene-25;2025;1;Niña;Niña;-0.6;;;0.26;-0.196
662;feb-25;2025;2;Neutral;Neutral;-0.4;;;0.7;0.017
663;mar-25;2025;3;Neutral;Neutral;-0.2;;;0.88;0.059
664;abr-25;2025;4;Neutral;Neutral;-0.1;;;0.47;0.149
665;may-25;2025;5;Neutral;Neutral;-0.1;;;0.42;
666;jun-25;2025;6;Neutral;Neutral;-0.1;;;0.16;
667;jul-25;2025;7;Neutral;Neutral;-0.2;;;0.7;
668;ago-25;2025;8;;;;;;;
669;sep-25;2025;9;;;;;;;
670;oct-25;2025;10;;;;;;;
671;nov-25;2025;11;;;;;;;
672;dic-25;2025;12;;;;;;;
